{
  "cleaning_enabled": true,
  "cleaning_method": "TKMeansLOF",
  "cleaning_config": {
    "contamination": 0.2,
    "n_neighbors": 5,
    "min_cluster_size": 10,
    "auto_select_k": true,
    "min_n_clusters": 2,
    "max_n_clusters": 24,
    "fixed_n_clusters": null,
    "random_state": 42,
    "enable_residual_detection": true,
    "moving_median_window": 5,
    "consensus_weight": 0.5
  },
  "results": {
    "n_original": 484,
    "n_clean": 388,
    "n_removed": 96,
    "removal_rate": 0.19834710743801653,
    "outlier_indices": [
      1,
      15,
      16,
      22,
      60,
      73,
      78,
      82,
      93,
      94,
      95,
      96,
      97,
      100,
      131,
      133,
      134,
      142,
      143,
      159,
      160,
      162,
      164,
      169,
      170,
      183,
      188,
      190,
      193,
      205,
      208,
      210,
      216,
      218,
      219,
      220,
      229,
      230,
      231,
      232,
      233,
      235,
      237,
      240,
      243,
      249,
      258,
      260,
      261,
      263,
      264,
      265,
      269,
      271,
      272,
      274,
      277,
      281,
      285,
      300,
      324,
      326,
      327,
      328,
      329,
      333,
      334,
      339,
      340,
      343,
      344,
      357,
      358,
      359,
      368,
      370,
      377,
      384,
      385,
      386,
      388,
      404,
      411,
      416,
      421,
      422,
      427,
      431,
      433,
      442,
      446,
      469,
      471,
      472,
      474,
      475
    ],
    "iterations": 1,
    "method": "TKMeansLOF"
  },
  "timestamp": "2026-01-23T08:43:56.101849"
}